
{
    "region" : "us-east-1",
    "configuration" : "Debug",
    "framework"     : "netcoreapp3.1",
    "self-contained" : false,
    "application"    : "SpaServer",
    "environment"    : "SpaServer-dev",
    "enable-xray"    : false,
    "enhanced-health-type" : "basic",
    "additional-options"   : "\"aws:autoscaling:launchconfiguration,SecurityGroups\"=\"sg-77881b43\";\"aws:ec2:vpc,Subnets\"=\"subnet-785e0e35\"",
    "solution-stack"       : "64bit Amazon Linux 2 v2.1.0 running .NET Core",
    "environment-type"     : "SingleInstance",
    "cname"                : "spaserver-dev",
    "instance-type"        : "t3a.medium",
    "key-pair"             : "",
    "instance-profile"     : "aws-elasticbeanstalk-ec2-role",
    "service-role"         : "aws-elasticbeanstalk-service-role",
    "proxy-server"         : "nginx"
}